Insert Into UserRole Values
	('Admin'),
	('Staff'),
	('Customer')

Insert Into TripStatus Values
	('Availible'),
	('Unavailible')

Insert Into BusStatus Values
	('Availible'),
	('Unavailible')

INSERT INTO Bus VALUES 
	('NT106.1', 30, 1), 
	('NT106.2', 30, 1), 
	('NT106.3', 30, 1), 
	('NT106.4', 30, 1), 
	('NT106.5', 30, 1), 
	('NT106.6', 30, 1),
	('NT106.7', 30, 1),
	('NT106.8', 30, 1),
	('NT106.9', 30, 1),
	('NT106.10', 30, 1),
	('NT106.11', 30, 1),
	('NT106.12', 30, 1),
	('NT106.13', 30, 1),
	('NT106.14', 30, 1),
	('NT106.15', 30, 1),
	('NT106.16', 30, 1),
	('NT106.17', 30, 1),
	('NT106.18', 30, 1);

INSERT INTO Seat (LicensePlate, SeatID, SeatName, IsBook) VALUES
('NT106.1', 1, 'A1', 0),
('NT106.1', 2, 'A2', 0),
('NT106.1', 3, 'A3', 0),
('NT106.1', 4, 'A4', 0),
('NT106.1', 5, 'A5', 0),
('NT106.1', 6, 'A6', 0),
('NT106.1', 7, 'A7', 0),
('NT106.1', 8, 'A8', 0),
('NT106.1', 9, 'A9', 0),
('NT106.1', 10, 'A10', 0),
('NT106.1', 11, 'B1', 0),
('NT106.1', 12, 'B2', 0),
('NT106.1', 13, 'B3', 0),
('NT106.1', 14, 'B4', 0),
('NT106.1', 15, 'B5', 0),
('NT106.1', 16, 'B6', 0),
('NT106.1', 17, 'B7', 0),
('NT106.1', 18, 'B8', 0),
('NT106.1', 19, 'B9', 0),
('NT106.1', 20, 'B10', 0),
('NT106.1', 21, 'C1', 0),
('NT106.1', 22, 'C2', 0),
('NT106.1', 23, 'C3', 0),
('NT106.1', 24, 'C4', 0),
('NT106.1', 25, 'C5', 0),
('NT106.1', 26, 'C6', 0),
('NT106.1', 27, 'C7', 0),
('NT106.1', 28, 'C8', 0),
('NT106.1', 29, 'C9', 0),
('NT106.1', 30, 'C10', 0),
('NT106.2', 31, 'A1', 0),
('NT106.2', 32, 'A2', 0),
('NT106.2', 33, 'A3', 0),
('NT106.2', 34, 'A4', 0),
('NT106.2', 35, 'A5', 0),
('NT106.2', 36, 'A6', 0),
('NT106.2', 37, 'A7', 0),
('NT106.2', 38, 'A8', 0),
('NT106.2', 39, 'A9', 0),
('NT106.2', 40, 'A10', 0),
('NT106.2', 41, 'B1', 0),
('NT106.2', 42, 'B2', 0),
('NT106.2', 43, 'B3', 0),
('NT106.2', 44, 'B4', 0),
('NT106.2', 45, 'B5', 0),
('NT106.2', 46, 'B6', 0),
('NT106.2', 47, 'B7', 0),
('NT106.2', 48, 'B8', 0),
('NT106.2', 49, 'B9', 0),
('NT106.2', 50, 'B10', 0),
('NT106.2', 51, 'C1', 0),
('NT106.2', 52, 'C2', 0),
('NT106.2', 53, 'C3', 0),
('NT106.2', 54, 'C4', 0),
('NT106.2', 55, 'C5', 0),
('NT106.2', 56, 'C6', 0),
('NT106.2', 57, 'C7', 0),
('NT106.2', 58, 'C8', 0),
('NT106.2', 59, 'C9', 0),
('NT106.2', 60, 'C10', 0),
('NT106.3', 61, 'A1', 0),
('NT106.3', 62, 'A2', 0),
('NT106.3', 63, 'A3', 0),
('NT106.3', 64, 'A4', 0),
('NT106.3', 65, 'A5', 0),
('NT106.3', 66, 'A6', 0),
('NT106.3', 67, 'A7', 0),
('NT106.3', 68, 'A8', 0),
('NT106.3', 69, 'A9', 0),
('NT106.3', 70, 'A10', 0),
('NT106.3', 71, 'B1', 0),
('NT106.3', 72, 'B2', 0),
('NT106.3', 73, 'B3', 0),
('NT106.3', 74, 'B4', 0),
('NT106.3', 75, 'B5', 0),
('NT106.3', 76, 'B6', 0),
('NT106.3', 77, 'B7', 0),
('NT106.3', 78, 'B8', 0),
('NT106.3', 79, 'B9', 0),
('NT106.3', 80, 'B10', 0),
('NT106.3', 81, 'C1', 0),
('NT106.3', 82, 'C2', 0),
('NT106.3', 83, 'C3', 0),
('NT106.3', 84, 'C4', 0),
('NT106.3', 85, 'C5', 0),
('NT106.3', 86, 'C6', 0),
('NT106.3', 87, 'C7', 0),
('NT106.3', 88, 'C8', 0),
('NT106.3', 89, 'C9', 0),
('NT106.3', 90, 'C10', 0),
('NT106.4', 91, 'A1', 0),
('NT106.4', 92, 'A2', 0),
('NT106.4', 93, 'A3', 0),
('NT106.4', 94, 'A4', 0),
('NT106.4', 95, 'A5', 0),
('NT106.4', 96, 'A6', 0),
('NT106.4', 97, 'A7', 0),
('NT106.4', 98, 'A8', 0),
('NT106.4', 99, 'A9', 0),
('NT106.4', 100, 'A10', 0),
('NT106.4', 101, 'B1', 0),
('NT106.4', 102, 'B2', 0),
('NT106.4', 103, 'B3', 0),
('NT106.4', 104, 'B4', 0),
('NT106.4', 105, 'B5', 0),
('NT106.4', 106, 'B6', 0),
('NT106.4', 107, 'B7', 0),
('NT106.4', 108, 'B8', 0),
('NT106.4', 109, 'B9', 0),
('NT106.4', 110, 'B10', 0),
('NT106.4', 111, 'C1', 0),
('NT106.4', 112, 'C2', 0),
('NT106.4', 113, 'C3', 0),
('NT106.4', 114, 'C4', 0),
('NT106.4', 115, 'C5', 0),
('NT106.4', 116, 'C6', 0),
('NT106.4', 117, 'C7', 0),
('NT106.4', 118, 'C8', 0),
('NT106.4', 119, 'C9', 0),
('NT106.4', 120, 'C10', 0),
('NT106.5', 121, 'A1', 0),
('NT106.5', 122, 'A2', 0),
('NT106.5', 123, 'A3', 0),
('NT106.5', 124, 'A4', 0),
('NT106.5', 125, 'A5', 0),
('NT106.5', 126, 'A6', 0),
('NT106.5', 127, 'A7', 0),
('NT106.5', 128, 'A8', 0),
('NT106.5', 129, 'A9', 0),
('NT106.5', 130, 'A10', 0),
('NT106.5', 131, 'B1', 0),
('NT106.5', 132, 'B2', 0),
('NT106.5', 133, 'B3', 0),
('NT106.5', 134, 'B4', 0),
('NT106.5', 135, 'B5', 0),
('NT106.5', 136, 'B6', 0),
('NT106.5', 137, 'B7', 0),
('NT106.5', 138, 'B8', 0),
('NT106.5', 139, 'B9', 0),
('NT106.5', 140, 'B10', 0),
('NT106.5', 141, 'C1', 0),
('NT106.5', 142, 'C2', 0),
('NT106.5', 143, 'C3', 0),
('NT106.5', 144, 'C4', 0),
('NT106.5', 145, 'C5', 0),
('NT106.5', 146, 'C6', 0),
('NT106.5', 147, 'C7', 0),
('NT106.5', 148, 'C8', 0),
('NT106.5', 149, 'C9', 0),
('NT106.5', 150, 'C10', 0),
('NT106.6', 151, 'A1', 0),
('NT106.6', 152, 'A2', 0),
('NT106.6', 153, 'A3', 0),
('NT106.6', 154, 'A4', 0),
('NT106.6', 155, 'A5', 0),
('NT106.6', 156, 'A6', 0),
('NT106.6', 157, 'A7', 0),
('NT106.6', 158, 'A8', 0),
('NT106.6', 159, 'A9', 0),
('NT106.6', 160, 'A10', 0),
('NT106.6', 161, 'B1', 0),
('NT106.6', 162, 'B2', 0),
('NT106.6', 163, 'B3', 0),
('NT106.6', 164, 'B4', 0),
('NT106.6', 165, 'B5', 0),
('NT106.6', 166, 'B6', 0),
('NT106.6', 167, 'B7', 0),
('NT106.6', 168, 'B8', 0),
('NT106.6', 169, 'B9', 0),
('NT106.6', 170, 'B10', 0),
('NT106.6', 171, 'C1', 0),
('NT106.6', 172, 'C2', 0),
('NT106.6', 173, 'C3', 0),
('NT106.6', 174, 'C4', 0),
('NT106.6', 175, 'C5', 0),
('NT106.6', 176, 'C6', 0),
('NT106.6', 177, 'C7', 0),
('NT106.6', 178, 'C8', 0),
('NT106.6', 179, 'C9', 0),
('NT106.6', 180, 'C10', 0),
('NT106.7', 181, 'A1', 0),
('NT106.7', 182, 'A2', 0),
('NT106.7', 183, 'A3', 0),
('NT106.7', 184, 'A4', 0),
('NT106.7', 185, 'A5', 0),
('NT106.7', 186, 'A6', 0),
('NT106.7', 187, 'A7', 0),
('NT106.7', 188, 'A8', 0),
('NT106.7', 189, 'A9', 0),
('NT106.7', 190, 'A10', 0),
('NT106.7', 191, 'B1', 0),
('NT106.7', 192, 'B2', 0),
('NT106.7', 193, 'B3', 0),
('NT106.7', 194, 'B4', 0),
('NT106.7', 195, 'B5', 0),
('NT106.7', 196, 'B6', 0),
('NT106.7', 197, 'B7', 0),
('NT106.7', 198, 'B8', 0),
('NT106.7', 199, 'B9', 0),
('NT106.7', 200, 'B10', 0),
('NT106.7', 201, 'C1', 0),
('NT106.7', 202, 'C2', 0),
('NT106.7', 203, 'C3', 0),
('NT106.7', 204, 'C4', 0),
('NT106.7', 205, 'C5', 0),
('NT106.7', 206, 'C6', 0),
('NT106.7', 207, 'C7', 0),
('NT106.7', 208, 'C8', 0),
('NT106.7', 209, 'C9', 0),
('NT106.7', 210, 'C10', 0),
('NT106.8', 211, 'A1', 0),
('NT106.8', 212, 'A2', 0),
('NT106.8', 213, 'A3', 0),
('NT106.8', 214, 'A4', 0),
('NT106.8', 215, 'A5', 0),
('NT106.8', 216, 'A6', 0),
('NT106.8', 217, 'A7', 0),
('NT106.8', 218, 'A8', 0),
('NT106.8', 219, 'A9', 0),
('NT106.8', 220, 'A10', 0),
('NT106.8', 221, 'B1', 0),
('NT106.8', 222, 'B2', 0),
('NT106.8', 223, 'B3', 0),
('NT106.8', 224, 'B4', 0),
('NT106.8', 225, 'B5', 0),
('NT106.8', 226, 'B6', 0),
('NT106.8', 227, 'B7', 0),
('NT106.8', 228, 'B8', 0),
('NT106.8', 229, 'B9', 0),
('NT106.8', 230, 'B10', 0),
('NT106.8', 231, 'C1', 0),
('NT106.8', 232, 'C2', 0),
('NT106.8', 233, 'C3', 0),
('NT106.8', 234, 'C4', 0),
('NT106.8', 235, 'C5', 0),
('NT106.8', 236, 'C6', 0),
('NT106.8', 237, 'C7', 0),
('NT106.8', 238, 'C8', 0),
('NT106.8', 239, 'C9', 0),
('NT106.8', 240, 'C10', 0),
('NT106.9', 241, 'A1', 0),
('NT106.9', 242, 'A2', 0),
('NT106.9', 243, 'A3', 0),
('NT106.9', 244, 'A4', 0),
('NT106.9', 245, 'A5', 0),
('NT106.9', 246, 'A6', 0),
('NT106.9', 247, 'A7', 0),
('NT106.9', 248, 'A8', 0),
('NT106.9', 249, 'A9', 0),
('NT106.9', 250, 'A10', 0),
('NT106.9', 251, 'B1', 0),
('NT106.9', 252, 'B2', 0),
('NT106.9', 253, 'B3', 0),
('NT106.9', 254, 'B4', 0),
('NT106.9', 255, 'B5', 0),
('NT106.9', 256, 'B6', 0),
('NT106.9', 257, 'B7', 0),
('NT106.9', 258, 'B8', 0),
('NT106.9', 259, 'B9', 0),
('NT106.9', 260, 'B10', 0),
('NT106.9', 261, 'C1', 0),
('NT106.9', 262, 'C2', 0),
('NT106.9', 263, 'C3', 0),
('NT106.9', 264, 'C4', 0),
('NT106.9', 265, 'C5', 0),
('NT106.9', 266, 'C6', 0),
('NT106.9', 267, 'C7', 0),
('NT106.9', 268, 'C8', 0),
('NT106.9', 269, 'C9', 0),
('NT106.9', 270, 'C10', 0),
('NT106.10', 271, 'A1', 0),
('NT106.10', 272, 'A2', 0),
('NT106.10', 273, 'A3', 0),
('NT106.10', 274, 'A4', 0),
('NT106.10', 275, 'A5', 0),
('NT106.10', 276, 'A6', 0),
('NT106.10', 277, 'A7', 0),
('NT106.10', 278, 'A8', 0),
('NT106.10', 279, 'A9', 0),
('NT106.10', 280, 'A10', 0),
('NT106.10', 281, 'B1', 0),
('NT106.10', 282, 'B2', 0),
('NT106.10', 283, 'B3', 0),
('NT106.10', 284, 'B4', 0),
('NT106.10', 285, 'B5', 0),
('NT106.10', 286, 'B6', 0),
('NT106.10', 287, 'B7', 0),
('NT106.10', 288, 'B8', 0),
('NT106.10', 289, 'B9', 0),
('NT106.10', 290, 'B10', 0),
('NT106.10', 291, 'C1', 0),
('NT106.10', 292, 'C2', 0),
('NT106.10', 293, 'C3', 0),
('NT106.10', 294, 'C4', 0),
('NT106.10', 295, 'C5', 0),
('NT106.10', 296, 'C6', 0),
('NT106.10', 297, 'C7', 0),
('NT106.10', 298, 'C8', 0),
('NT106.10', 299, 'C9', 0),
('NT106.10', 300, 'C10', 0),
('NT106.11', 301, 'A1', 0),
('NT106.11', 302, 'A2', 0),
('NT106.11', 303, 'A3', 0),
('NT106.11', 304, 'A4', 0),
('NT106.11', 305, 'A5', 0),
('NT106.11', 306, 'A6', 0),
('NT106.11', 307, 'A7', 0),
('NT106.11', 308, 'A8', 0),
('NT106.11', 309, 'A9', 0),
('NT106.11', 310, 'A10', 0),
('NT106.11', 311, 'B1', 0),
('NT106.11', 312, 'B2', 0),
('NT106.11', 313, 'B3', 0),
('NT106.11', 314, 'B4', 0),
('NT106.11', 315, 'B5', 0),
('NT106.11', 316, 'B6', 0),
('NT106.11', 317, 'B7', 0),
('NT106.11', 318, 'B8', 0),
('NT106.11', 319, 'B9', 0),
('NT106.11', 320, 'B10', 0),
('NT106.11', 321, 'C1', 0),
('NT106.11', 322, 'C2', 0),
('NT106.11', 323, 'C3', 0),
('NT106.11', 324, 'C4', 0),
('NT106.11', 325, 'C5', 0),
('NT106.11', 326, 'C6', 0),
('NT106.11', 327, 'C7', 0),
('NT106.11', 328, 'C8', 0),
('NT106.11', 329, 'C9', 0),
('NT106.11', 330, 'C10', 0),
('NT106.12', 331, 'A1', 0),
('NT106.12', 332, 'A2', 0),
('NT106.12', 333, 'A3', 0),
('NT106.12', 334, 'A4', 0),
('NT106.12', 335, 'A5', 0),
('NT106.12', 336, 'A6', 0),
('NT106.12', 337, 'A7', 0),
('NT106.12', 338, 'A8', 0),
('NT106.12', 339, 'A9', 0),
('NT106.12', 340, 'A10', 0),
('NT106.12', 341, 'B1', 0),
('NT106.12', 342, 'B2', 0),
('NT106.12', 343, 'B3', 0),
('NT106.12', 344, 'B4', 0),
('NT106.12', 345, 'B5', 0),
('NT106.12', 346, 'B6', 0),
('NT106.12', 347, 'B7', 0),
('NT106.12', 348, 'B8', 0),
('NT106.12', 349, 'B9', 0),
('NT106.12', 350, 'B10', 0),
('NT106.12', 351, 'C1', 0),
('NT106.12', 352, 'C2', 0),
('NT106.12', 353, 'C3', 0),
('NT106.12', 354, 'C4', 0),
('NT106.12', 355, 'C5', 0),
('NT106.12', 356, 'C6', 0),
('NT106.12', 357, 'C7', 0),
('NT106.12', 358, 'C8', 0),
('NT106.12', 359, 'C9', 0),
('NT106.12', 360, 'C10', 0),
('NT106.13', 361, 'A1', 0),
('NT106.13', 362, 'A2', 0),
('NT106.13', 363, 'A3', 0),
('NT106.13', 364, 'A4', 0),
('NT106.13', 365, 'A5', 0),
('NT106.13', 366, 'A6', 0),
('NT106.13', 367, 'A7', 0),
('NT106.13', 368, 'A8', 0),
('NT106.13', 369, 'A9', 0),
('NT106.13', 370, 'A10', 0),
('NT106.13', 371, 'B1', 0),
('NT106.13', 372, 'B2', 0),
('NT106.13', 373, 'B3', 0),
('NT106.13', 374, 'B4', 0),
('NT106.13', 375, 'B5', 0),
('NT106.13', 376, 'B6', 0),
('NT106.13', 377, 'B7', 0),
('NT106.13', 378, 'B8', 0),
('NT106.13', 379, 'B9', 0),
('NT106.13', 380, 'B10', 0),
('NT106.13', 381, 'C1', 0),
('NT106.13', 382, 'C2', 0),
('NT106.13', 383, 'C3', 0),
('NT106.13', 384, 'C4', 0),
('NT106.13', 385, 'C5', 0),
('NT106.13', 386, 'C6', 0),
('NT106.13', 387, 'C7', 0),
('NT106.13', 388, 'C8', 0),
('NT106.13', 389, 'C9', 0),
('NT106.13', 390, 'C10', 0),
('NT106.14', 391, 'A1', 0),
('NT106.14', 392, 'A2', 0),
('NT106.14', 393, 'A3', 0),
('NT106.14', 394, 'A4', 0),
('NT106.14', 395, 'A5', 0),
('NT106.14', 396, 'A6', 0),
('NT106.14', 397, 'A7', 0),
('NT106.14', 398, 'A8', 0),
('NT106.14', 399, 'A9', 0),
('NT106.14', 400, 'A10', 0),
('NT106.14', 401, 'B1', 0),
('NT106.14', 402, 'B2', 0),
('NT106.14', 403, 'B3', 0),
('NT106.14', 404, 'B4', 0),
('NT106.14', 405, 'B5', 0),
('NT106.14', 406, 'B6', 0),
('NT106.14', 407, 'B7', 0),
('NT106.14', 408, 'B8', 0),
('NT106.14', 409, 'B9', 0),
('NT106.14', 410, 'B10', 0),
('NT106.14', 411, 'C1', 0),
('NT106.14', 412, 'C2', 0),
('NT106.14', 413, 'C3', 0),
('NT106.14', 414, 'C4', 0),
('NT106.14', 415, 'C5', 0),
('NT106.14', 416, 'C6', 0),
('NT106.14', 417, 'C7', 0),
('NT106.14', 418, 'C8', 0),
('NT106.14', 419, 'C9', 0),
('NT106.14', 420, 'C10', 0),
('NT106.15', 421, 'A1', 0),
('NT106.15', 422, 'A2', 0),
('NT106.15', 423, 'A3', 0),
('NT106.15', 424, 'A4', 0),
('NT106.15', 425, 'A5', 0),
('NT106.15', 426, 'A6', 0),
('NT106.15', 427, 'A7', 0),
('NT106.15', 428, 'A8', 0),
('NT106.15', 429, 'A9', 0),
('NT106.15', 430, 'A10', 0),
('NT106.15', 431, 'B1', 0),
('NT106.15', 432, 'B2', 0),
('NT106.15', 433, 'B3', 0),
('NT106.15', 434, 'B4', 0),
('NT106.15', 435, 'B5', 0),
('NT106.15', 436, 'B6', 0),
('NT106.15', 437, 'B7', 0),
('NT106.15', 438, 'B8', 0),
('NT106.15', 439, 'B9', 0),
('NT106.15', 440, 'B10', 0),
('NT106.15', 441, 'C1', 0),
('NT106.15', 442, 'C2', 0),
('NT106.15', 443, 'C3', 0),
('NT106.15', 444, 'C4', 0),
('NT106.15', 445, 'C5', 0),
('NT106.15', 446, 'C6', 0),
('NT106.15', 447, 'C7', 0),
('NT106.15', 448, 'C8', 0),
('NT106.15', 449, 'C9', 0),
('NT106.15', 450, 'C10', 0),
('NT106.16', 451, 'A1', 0),
('NT106.16', 452, 'A2', 0),
('NT106.16', 453, 'A3', 0),
('NT106.16', 454, 'A4', 0),
('NT106.16', 455, 'A5', 0),
('NT106.16', 456, 'A6', 0),
('NT106.16', 457, 'A7', 0),
('NT106.16', 458, 'A8', 0),
('NT106.16', 459, 'A9', 0),
('NT106.16', 460, 'A10', 0),
('NT106.16', 461, 'B1', 0),
('NT106.16', 462, 'B2', 0),
('NT106.16', 463, 'B3', 0),
('NT106.16', 464, 'B4', 0),
('NT106.16', 465, 'B5', 0),
('NT106.16', 466, 'B6', 0),
('NT106.16', 467, 'B7', 0),
('NT106.16', 468, 'B8', 0),
('NT106.16', 469, 'B9', 0),
('NT106.16', 470, 'B10', 0),
('NT106.16', 471, 'C1', 0),
('NT106.16', 472, 'C2', 0),
('NT106.16', 473, 'C3', 0),
('NT106.16', 474, 'C4', 0),
('NT106.16', 475, 'C5', 0),
('NT106.16', 476, 'C6', 0),
('NT106.16', 477, 'C7', 0),
('NT106.16', 478, 'C8', 0),
('NT106.16', 479, 'C9', 0),
('NT106.16', 480, 'C10', 0),
('NT106.17', 481, 'A1', 0),
('NT106.17', 482, 'A2', 0),
('NT106.17', 483, 'A3', 0),
('NT106.17', 484, 'A4', 0),
('NT106.17', 485, 'A5', 0),
('NT106.17', 486, 'A6', 0),
('NT106.17', 487, 'A7', 0),
('NT106.17', 488, 'A8', 0),
('NT106.17', 489, 'A9', 0),
('NT106.17', 490, 'A10', 0),
('NT106.17', 491, 'B1', 0),
('NT106.17', 492, 'B2', 0),
('NT106.17', 493, 'B3', 0),
('NT106.17', 494, 'B4', 0),
('NT106.17', 495, 'B5', 0),
('NT106.17', 496, 'B6', 0),
('NT106.17', 497, 'B7', 0),
('NT106.17', 498, 'B8', 0),
('NT106.17', 499, 'B9', 0),
('NT106.17', 500, 'B10', 0),
('NT106.17', 501, 'C1', 0),
('NT106.17', 502, 'C2', 0),
('NT106.17', 503, 'C3', 0),
('NT106.17', 504, 'C4', 0),
('NT106.17', 505, 'C5', 0),
('NT106.17', 506, 'C6', 0),
('NT106.17', 507, 'C7', 0),
('NT106.17', 508, 'C8', 0),
('NT106.17', 509, 'C9', 0),
('NT106.17', 510, 'C10', 0),
('NT106.18', 511, 'A1', 0),
('NT106.18', 512, 'A2', 0),
('NT106.18', 513, 'A3', 0),
('NT106.18', 514, 'A4', 0),
('NT106.18', 515, 'A5', 0),
('NT106.18', 516, 'A6', 0),
('NT106.18', 517, 'A7', 0),
('NT106.18', 518, 'A8', 0),
('NT106.18', 519, 'A9', 0),
('NT106.18', 520, 'A10', 0),
('NT106.18', 521, 'B1', 0),
('NT106.18', 522, 'B2', 0),
('NT106.18', 523, 'B3', 0),
('NT106.18', 524, 'B4', 0),
('NT106.18', 525, 'B5', 0),
('NT106.18', 526, 'B6', 0),
('NT106.18', 527, 'B7', 0),
('NT106.18', 528, 'B8', 0),
('NT106.18', 529, 'B9', 0),
('NT106.18', 530, 'B10', 0),
('NT106.18', 531, 'C1', 0),
('NT106.18', 532, 'C2', 0),
('NT106.18', 533, 'C3', 0),
('NT106.18', 534, 'C4', 0),
('NT106.18', 535, 'C5', 0),
('NT106.18', 536, 'C6', 0),
('NT106.18', 537, 'C7', 0),
('NT106.18', 538, 'C8', 0),
('NT106.18', 539, 'C9', 0),
('NT106.18', 540, 'C10', 0);

INSERT INTO Trip VALUES ('NT106.1', N'TP.HCM', N'Hà Nội', '2024-12-15 17:00', 1);
INSERT INTO Trip VALUES ('NT106.2', N'Hà Nội', N'TP.HCM', '2024-12-16 18:00', 1);
INSERT INTO Trip VALUES ('NT106.3', N'TP.HCM', N'Cần Thơ', '2024-12-17 19:00', 1);
INSERT INTO Trip VALUES ('NT106.4', N'Cần Thơ', N'TP.HCM', '2024-12-18 20:00', 1);
INSERT INTO Trip VALUES ('NT106.5', N'TP.HCM', N'Đà Nẵng', '2024-12-19 21:00', 1);
INSERT INTO Trip VALUES ('NT106.6', N'Đà Nẵng', N'TP.HCM', '2024-12-20 22:00', 1);
INSERT INTO Trip VALUES ('NT106.7', N'Hà Nội', N'Cần Thơ', '2024-12-21 23:00', 1);
INSERT INTO Trip VALUES ('NT106.8', N'Cần Thơ', N'Hà Nội', '2024-12-15 17:00', 1);
INSERT INTO Trip VALUES ('NT106.9', N'Hà Nội', N'Đà Nẵng', '2024-12-15 17:00', 1);
INSERT INTO Trip VALUES ('NT106.10', N'Đà Nẵng', N'Hà Nội', '2024-12-15 17:00', 1);
INSERT INTO Trip VALUES ('NT106.11', N'Hà Nội', N'Huế', '2024-12-16 18:00', 1);
INSERT INTO Trip VALUES ('NT106.12', N'Huế', N'Hà Nội', '2024-12-16 18:00', 1);
INSERT INTO Trip VALUES ('NT106.13', N'Cần Thơ', N'Đà Nẵng', '2024-12-16 18:00', 1);
INSERT INTO Trip VALUES ('NT106.14', N'Đà Nẵng', N'Cần Thơ', '2024-12-17 19:00', 1);
INSERT INTO Trip VALUES ('NT106.15', N'Cần Thơ', N'Huế', '2024-12-17 19:00', 1);
INSERT INTO Trip VALUES ('NT106.16', N'Huế', N'Cần Thơ', '2024-12-17 19:00', 1);
INSERT INTO Trip VALUES ('NT106.17', N'Đà Nẵng', N'Huế', '2024-12-18 20:00', 1);
INSERT INTO Trip VALUES ('NT106.18', N'Huế', N'Đà Nẵng', '2024-12-18 20:00', 1);


